INF-NON-COMHello,Hello 
INF-NON-COMHello,Hello world
INF-NON-COMHello,Hi
INF-NON-COMHello,Anyone there
INF-NON-COMHello,you there
INF-NON-COMHello,help required 
INF-NON-COMHello,help needed
INF-NON-COMHello,help available
COM-ALL-FDRATES,Which bank gives best FD rate
COM-ALL-FDRATES,Which bank gives best FD rate
COM-ALL-FDRATES,good fixed deposit interest rate
COM-ALL-FDRATES,above average fixed deposit
COM-ALL-FDRATES,overall good fixed deposit
COM-ALL-FDRATES,good return on fixed deposit
COM-ALL-FDRATES,good return on fd
COM-ALL-FDRATES,good value on fd
COM-ALL-FDRATES,good value on fixed deposit
COM-ALL-FDRATES,Which bank gives best long term deposit rate
COM-ALL-FDRATES,Which bank gives best long term deposit rate
COM-ALL-FDRATES,good long term deposit interest rate
COM-ALL-FDRATES,above average long term deposit
COM-ALL-FDRATES,overall good long term deposit
COM-ALL-FDRATES,good return on long term deposit
COM-ALL-FDRATES,good return on long term deposit
COM-ALL-FDRATES,good value on long term depositfd
COM-ALL-FDRATES,good value on long term deposit
COM-ALL-RDRATES,Which bank gives best short term deposit rate
COM-ALL-RDRATES,Which bank gives best short term deposit rate
COM-ALL-RDRATES,good short term deposit interest rate
COM-ALL-RDRATES,above average short term deposit
COM-ALL-RDRATES,overall good short term deposit
COM-ALL-RDRATES,good return on short term deposit
COM-ALL-RDRATES,good return on short term deposit
COM-ALL-RDRATES,good value on short term deposit
COM-ALL-RDRATES,good value on short term deposit
COM-ALL-RDRATES,Which bank gives best recurring deposit rate
COM-ALL-RDRATES,Which bank gives best recurring deposit rate
COM-ALL-RDRATES,good recurring deposit interest rate
COM-ALL-RDRATES,above average recurring deposit
COM-ALL-RDRATES,overall good recurring deposit
COM-ALL-RDRATES,good return on recurring deposit
COM-ALL-RDRATES,good return on recurring deposit
COM-ALL-RDRATES,good value on recurring deposit
COM-ALL-RDRATES,good value on recurring deposit
COM-ALL-RDRATES,Which bank gives best rd rate
COM-ALL-RDRATES,Which bank gives best rd rate
COM-ALL-RDRATES,good rd deposit interest rate
COM-ALL-RDRATES,above average rd
COM-ALL-RDRATES,overall good rd
COM-ALL-RDRATES,good return on rd
COM-ALL-RDRATES,good return on rd
COM-ALL-RDRATES,good value on rd
COM-ALL-RDRATES,good value on rd
