INF-NON-COMHello,Hello 
INF-NON-COMHello,Hello world
INF-NON-COMHello,Hi
INF-NON-COMHello,Anyone there
INF-NON-COMHello,you there
INF-NON-COMHello,help required 
INF-NON-COMHello,help needed
INF-NON-COMHello,help available
COM-ALL-FDRATES,Which bank gives best FD rate
COM-ALL-FDRATES,Which bank gives best FD rates
COM-ALL-FDRATES,good fixed deposit interest rates
COM-ALL-FDRATES,above average fixed deposit
COM-ALL-FDRATES,overall good fixed deposit rate
COM-ALL-FDRATES,good return on fixed deposit
COM-ALL-FDRATES,good return on fd
COM-ALL-FDRATES,good value on fd
COM-ALL-FDRATES,good value on fixed deposit rates
COM-ALL-FDRATES,Which bank gives best long term deposit rate
COM-ALL-FDRATES,Which bank gives best long term deposit rates
COM-ALL-FDRATES,good long term deposit interest rate
COM-ALL-FDRATES,above average long term deposit rates
COM-ALL-FDRATES,overall good long term deposit rate
COM-ALL-FDRATES,good return on long term deposit
COM-ALL-FDRATES,good return on long term deposit rates
COM-ALL-FDRATES,good value on long term deposit fd rate or fd rates
COM-ALL-FDRATES,good value on long term deposit
COM-ALL-RDRATES,Which bank gives best short term deposit rate
COM-ALL-RDRATES,Which bank gives best short term deposit rates
COM-ALL-RDRATES,good short term deposit interest rate
COM-ALL-RDRATES,above average short term deposit
COM-ALL-RDRATES,overall good short term deposit
COM-ALL-RDRATES,good return on short term deposit rates
COM-ALL-RDRATES,good return on short term deposit rate
COM-ALL-RDRATES,good value on short term deposit rates
COM-ALL-RDRATES,good value on short term deposit rate
COM-ALL-RDRATES,Which bank gives best recurring deposit rate
COM-ALL-RDRATES,Which bank gives best recurring deposit rates
COM-ALL-RDRATES,good recurring deposit interest rates
COM-ALL-RDRATES,above average recurring deposit
COM-ALL-RDRATES,overall good recurring deposit rate
COM-ALL-RDRATES,good return on recurring deposit rate
COM-ALL-RDRATES,good return on recurring deposit rates
COM-ALL-RDRATES,good value on recurring deposit rate
COM-ALL-RDRATES,good value on recurring deposit rates
COM-ALL-RDRATES,Which bank gives best rd rate
COM-ALL-RDRATES,Which bank gives best rd rate
COM-ALL-RDRATES,good rd deposit interest rates
COM-ALL-RDRATES,above average rd
COM-ALL-RDRATES,overall good rd rates
COM-ALL-RDRATES,good return on rd rate
COM-ALL-RDRATES,good return on rd rates
COM-ALL-RDRATES,good value on rd
COM-ALL-RDRATES,good value on rd rates
COM-ALL-HOMELOAN,Which bank gives best Home loan
COM-ALL-HOMELOAN,Which bank gives best Home loan rates
COM-ALL-HOMELOAN,good Home loan interest rate
COM-ALL-HOMELOAN,above average Home loan rates
COM-ALL-HOMELOAN,overall good Home loan
COM-ALL-HOMELOAN,good return on Home loan rates
COM-ALL-HOMELOAN,good return on Home loan rate
COM-ALL-HOMELOAN,good value on Home loan rates
COM-ALL-HOMELOAN,good value on Home loan rate
COM-ALL-HOMELOAN,Which bank gives best Home loan rate
COM-ALL-HOMELOAN,Which bank gives best Home loan rates
COM-ALL-HOMELOAN,good Home loan interest rate
COM-ALL-HOMELOAN,above average Home loan
COM-ALL-HOMELOAN,overall good Home loan
COM-ALL-HOMELOAN,good return on Home loan
COM-ALL-HOMELOAN,good return on Home loan
COM-ALL-HOMELOAN,good value on Home loan rate
COM-ALL-HOMELOAN,good value on Home loan rates
COM-ALL-HOMELOAN,Which bank gives best Home loan rate
COM-ALL-HOMELOAN,Which bank gives best Home loan rates
COM-ALL-HOMELOAN,good Home loan interest rate
COM-ALL-HOMELOAN,above averageHome loanrd
COM-ALL-HOMELOAN,overall good Home loan
COM-ALL-HOMELOAN,good return on Home loan
COM-ALL-HOMELOAN,good return on Home loan rates
COM-ALL-HOMELOAN,good value on Home loan rate
COM-ALL-HOMELOAN,good value on Home loan rates
INF-FED-FDINFO,Require information about fixed deposit in federal bank
INF-FED-FDINFO,Require information about FD in federal bank
INF-FED-FDINFO,Require information about long term deposit in federal bank
INF-FED-FDINFO,Require information about fixed deposit in federal bank
INF-FED-FDINFO,federal bank fixed deposit
INF-FED-FDINFO,long term deposit in federal bank
INF-FED-FDINFO,Require information about fixed deposit rates in federal bank
INF-FED-FDINFO,Require information about FD rate in federal bank
INF-FED-FDINFO,Require information about long term rate deposit in federal bank
INF-FED-FDINFO,Require information about fixed deposit rate and tenurein federal bank
INF-FED-FDINFO,federal bank fixed deposit rates and tenures
INF-FED-FDINFO,long term deposit in federal bank rate and tenure
INF-FED-FDRATES,Click To know about Fixed Deposit Rates and advantages in Federal Bank
INF-FED-FDRATES,know about Fixed Deposit Rate and advantages
INF-FED-FDRATES,To know about Fixed Deposit Rates and advantages
INF-FED-FDTNRS,To know about Fixed Deposit tenures in Federal Bank
INF-FED-FDTNRS,To know about Fixed Deposit tenures in Federal Bank
INF-FED-RDMINFO,Millionaire Federal Bank Savings Fund
INF-FED-RDMRINFO,Registration form to open deposit in Federal bank
INF-FED-RDINFO,Reccuring deposit information for Federal bank
INF-FED-RDINFO,RD information for Federal bank
INF-FED-RDINFO,Reccuring deposit rates and tenures information for Federal bank
INF-FED-RDINFO,Reccuring deposit rate and tenure information for Federal bank
INF-FED-RDINFO,Reccuring deposit rate information for Federal bank
INF-FED-RDINFO,Reccuring deposit tenure information for Federal bank
INF-FED-RDINFO,RD rate and tenure information for Federal bank
INF-FED-RDINFO,RD rates and tenures information for Federal bank
INF-FED-RDINFO,RD tenure information for Federal bank
INF-FED-RDINFO,RD information for Federal bank
INF-FED-NRIRD,NRI RD Accounts in Federal bank
INF-FED-NRICRD,Crorepati FSF in Federal Bank
INF-FED-NRIFCRD,Registration form to open deposit Crorepati FSF in Federal Bank
INF-FED-NRIFFRD,Fed Flexi Smart Saver RD in Federal Bank
INF-FED-NRIRFFRD,Fed Flexi Smart Saver RD registration form in federal bank
INF-SBI-FDINFO,Require information about fixed deposit in State bank of india
INF-SBI-FDINFO,Require information about FD in State bank of india
INF-SBI-FDINFO,Require information about long term deposit in State bank of india
INF-SBI-FDINFO,Require information about fixed deposit in State bank of india
INF-SBI-FDINFO,State bank of india fixed deposit
INF-SBI-FDINFO,long term deposit in State bank of india
INF-SBI-FDINFO,Require information about fixed deposit rates in State bank of india
INF-SBI-FDINFO,Require information about FD rate in State bank of india
INF-SBI-FDINFO,Require information about long term rate deposit in State bank of india
INF-SBI-FDINFO,Require information about fixed deposit rate and tenurein State bank of india
INF-SBI-FDINFO,State bank of india fixed deposit rates and tenures
INF-SBI-FDINFO,long term deposit in State bank of india rate and tenure
INF-SBI-FDRATES,Click To know about Fixed Deposit Rates and advantages in State Bank of india
INF-SBI-FDTENURES,To know about Fixed Deposit tenures in State Bank of india
INF-SBI-RDINFO,Reccuring deposit information for State Bank of india
INF-SBI-RDINFO,RD information for State Bank of india
INF-SBI-RDINFO,Reccuring deposit rates and tenures information for State Bank of india
INF-SBI-RDINFO,Reccuring deposit rate and tenure information for State Bank of india
INF-SBI-RDINFO,Reccuring deposit rate information for State Bank of india
INF-SBI-RDINFO,Reccuring deposit tenure information for State Bank of india
INF-SBI-RDINFO,RD rate and tenure information for State Bank of india
INF-SBI-RDINFO,RD rates and tenures information for State Bank of india
INF-SBI-RDINFO,RD tenure information for State Bank of india
INF-SBI-RDINFO,RD information for State Bank of india
INF-SBI-RDRATES,Recurring deposit rate in State bank of india
INF-SBI-RDTENURES,Recurring deposit tenure in State bank of india
INF-SIB-FDINFO,Require information about fixed deposit in South indian bank
INF-SIB-FDINFO,Require information about FD in South indian bank
INF-SIB-FDINFO,Require information about long term deposit in South indian bank
INF-SIB-FDINFO,Require information about fixed deposit in South indian bank
INF-SIB-FDINFO,South indian bank fixed deposit
INF-SIB-FDINFO,long term deposit in South indian bank
INF-SIB-FDINFO,Require information about fixed deposit rates in South indian bank
INF-SIB-FDINFO,Require information about FD rate in South indian bank
INF-SIB-FDINFO,Require information about long term rate deposit in South indian bank
INF-SIB-FDINFO,Require information about fixed deposit rate and tenurein South indian bank
INF-SIB-FDINFO,South indian bank fixed deposit rates and tenures
INF-SIB-FDINFO,long term deposit in South indian bank rate and tenure
INF-SIB-RDINFO,Reccuring deposit information for South indian bank
INF-SIB-RDINFO,RD information for South indian bank
INF-SIB-RDINFO,Reccuring deposit rates and tenures information for South indian bank
INF-SIB-RDINFO,Reccuring deposit rate and tenure information for South indian bank
INF-SIB-RDINFO,Reccuring deposit rate information for South indian bank
INF-SIB-RDINFO,Reccuring deposit tenure information for South indian bank
INF-SIB-RDINFO,RD rate and tenure information for South indian bank
INF-SIB-RDINFO,RD rates and tenures information for South indian bank
INF-SIB-RDINFO,RD tenure information for South indian bank
INF-SIB-RDINFO,RD information for South indian bank
INF-SIB-FDRATES,Click To know about Fixed Deposit Rates and advantages in South indian bank
INF-SIB-FDTENURES,To know about Fixed Deposit tenures in South indian bank
INF-SIB-RDRATES,Recurring deposit rate in South indian bank
INF-SIB-RDTENURES,Recurring deposit tenure in South indian bank