INF-NON-COMHello,Hello 
INF-NON-COMHello,Hello world
INF-NON-COMHello,Hi
INF-NON-COMHello,Anyone there
INF-NON-COMHello,you there
INF-NON-COMHello,help required 
INF-NON-COMHello,help needed
INF-NON-COMHello,help available
COM-ALL-FDRATES,Which bank gives best FD rate
COM-ALL-FDRATES,Which bank gives best FD rates
COM-ALL-FDRATES,good fixed deposit interest rates
COM-ALL-FDRATES,above average fixed deposit
COM-ALL-FDRATES,overall good fixed deposit rate
COM-ALL-FDRATES,good return on fixed deposit
COM-ALL-FDRATES,good return on fd
COM-ALL-FDRATES,good value on fd
COM-ALL-FDRATES,good value on fixed deposit rates
COM-ALL-FDRATES,Which bank gives best long term deposit rate
COM-ALL-FDRATES,Which bank gives best long term deposit rates
COM-ALL-FDRATES,good long term deposit interest rate
COM-ALL-FDRATES,above average long term deposit rates
COM-ALL-FDRATES,overall good long term deposit rate
COM-ALL-FDRATES,good return on long term deposit
COM-ALL-FDRATES,good return on long term deposit rates
COM-ALL-FDRATES,good value on long term deposit fd rate or fd rates
COM-ALL-FDRATES,good value on long term deposit
COM-ALL-RDRATES,Which bank gives best short term deposit rate
COM-ALL-RDRATES,Which bank gives best short term deposit rates
COM-ALL-RDRATES,good short term deposit interest rate
COM-ALL-RDRATES,above average short term deposit
COM-ALL-RDRATES,overall good short term deposit
COM-ALL-RDRATES,good return on short term deposit rates
COM-ALL-RDRATES,good return on short term deposit rate
COM-ALL-RDRATES,good value on short term deposit rates
COM-ALL-RDRATES,good value on short term deposit rate
COM-ALL-RDRATES,Which bank gives best recurring deposit rate
COM-ALL-RDRATES,Which bank gives best recurring deposit rates
COM-ALL-RDRATES,good recurring deposit interest rates
COM-ALL-RDRATES,above average recurring deposit
COM-ALL-RDRATES,overall good recurring deposit rate
COM-ALL-RDRATES,good return on recurring deposit rate
COM-ALL-RDRATES,good return on recurring deposit rates
COM-ALL-RDRATES,good value on recurring deposit rate
COM-ALL-RDRATES,good value on recurring deposit rates
COM-ALL-RDRATES,Which bank gives best rd rate
COM-ALL-RDRATES,Which bank gives best rd rate
COM-ALL-RDRATES,good rd deposit interest rates
COM-ALL-RDRATES,above average rd
COM-ALL-RDRATES,overall good rd rates
COM-ALL-RDRATES,good return on rd rate
COM-ALL-RDRATES,good return on rd rates
COM-ALL-RDRATES,good value on rd
COM-ALL-RDRATES,good value on rd rates
COM-ALL-HOMELOAN,Which bank gives best Home loan
COM-ALL-HOMELOAN,Which bank gives best Home loan rates
COM-ALL-HOMELOAN,good Home loan interest rate
COM-ALL-HOMELOAN,above average Home loan rates
COM-ALL-HOMELOAN,overall good Home loan
COM-ALL-HOMELOAN,good return on Home loan rates
COM-ALL-HOMELOAN,good return on Home loan rate
COM-ALL-HOMELOAN,good value on Home loan rates
COM-ALL-HOMELOAN,good value on Home loan rate
COM-ALL-HOMELOAN,Which bank gives best Home loan rate
COM-ALL-HOMELOAN,Which bank gives best Home loan rates
COM-ALL-HOMELOAN,good Home loan interest rate
COM-ALL-HOMELOAN,above average Home loan
COM-ALL-HOMELOAN,overall good Home loan
COM-ALL-HOMELOAN,good return on Home loan
COM-ALL-HOMELOAN,good return on Home loan
COM-ALL-HOMELOAN,good value on Home loan rate
COM-ALL-HOMELOAN,good value on Home loan rates
COM-ALL-HOMELOAN,Which bank gives best Home loan rate
COM-ALL-HOMELOAN,Which bank gives best Home loan rates
COM-ALL-HOMELOAN,good Home loan interest rate
COM-ALL-HOMELOAN,above averageHome loanrd
COM-ALL-HOMELOAN,overall good Home loan
COM-ALL-HOMELOAN,good return on Home loan
COM-ALL-HOMELOAN,good return on Home loan rates
COM-ALL-HOMELOAN,good value on Home loan rate
COM-ALL-HOMELOAN,good value on Home loan rates
