{
    "FDRATES" :  {
                     "class" : "FDRATES",
                     "responsePrefix" : "Federal bank provides the best interest rate for Fixed Deposit at 7.5 for less than a year deposit !",
                     "responseLink" : "",
                     "responseLinkText" : "",
                     "responseSuffix" : "",
                     "responseSuffixLinks" : [ ],
                     "order" : "ASC",
                     "value" : "7"
        },
        "RDRATES" :  {
                     "class" : "FDRATES",
                     "responsePrefix" : "Federal bank provides the best interest rate for Recurring Deposit at 7 for less than a year deposit !",
                     "responseLink" : "",
                     "responseLinkText" : "",
                     "responseSuffix" : "",
                     "responseSuffixLinks" : [ ],
                     "order" : "ASC",
                     "value" : "7"
        }
}