{
    "FDRATES" :  {
                     "class" : "FDRATES",
                     "responsePrefix" : "Federal bank provides the best interest rate for Fixed Deposit at 7.5 for less than a year deposit !",
                     "responseLink" : "",
                     "responseLinkText" : "",
                     "responseSuffix" : "",
                     "responseSuffixTexts" : [],
                     "responseSuffixLinks" : [ ],
                     "order" : "ASC",
                     "value" : "7"
        },
        "RDRATES" :  {
                     "class" : "RDRATES",
                     "responsePrefix" : "Federal bank provides the best interest rate for Recurring Deposit at 7 for less than a year deposit !",
                     "responseLink" : "",
                     "responseLinkText" : "",
                     "responseSuffix" : "",
                     "responseSuffixTexts" : [],
                     "responseSuffixLinks" : [ ],
                     "order" : "ASC",
                     "value" : "7"
        },
        "HOMELOAN" :  {
                     "class" : "HOMELOAN",
                     "responsePrefix" : "Federal bank provides Home loans at 9 percent interest rate",
                     "responseLink" : "",
                     "responseLinkText" : "",
                     "responseSuffix" : "",
                     "responseSuffixTexts" : [],
                     "responseSuffixLinks" : [ ],
                     "order" : "DSC",
                     "value" : "9"
        }

}