{
     "FDInfo" : {
                  "class" : "FDInfo",
                  "responsePrefix" : "FD info value",
                  "responseLink" : "",
                  "responseLinkText" : "",
                  "responseSuffix" : "",
                  "responseSuffixLinks" : [
                                            "Click To know about Fixed Deposit Rates and advantages",
                                            "To know about Fixed Deposit tenures"
                                          ]
        }
}