{
     "LOW" : {
                  "class" : "LOW",
                  "responsePrefix" : "Sorry, didnt get that",
                  "responseLink" : "",
                  "responseLinkText" : "",
                  "responseSuffix" : "",
                  "responseSuffixLinks" : [
                                            "Click To know about Fixed Deposit Rates and advantages",
                                            "To know about Fixed Deposit tenures"
                                          ]
        },
        "TOOLOW" : {
                  "class" : "TOOLOW",
                  "responsePrefix" : "Sorry, didnt get that",
                  "responseLink" : "",
                  "responseLinkText" : "",
                  "responseSuffix" : "",
                  "responseSuffixLinks" : [
                                            "Click To know about Fixed Deposit Rates and advantages",
                                            "To know about Fixed Deposit tenures"
                                          ]
        }
}