{
    "FDRATES" :  {
                     "class" : "FDRATES",
                     "responsePrefix" : "South Indian bank provides interest rate for Fixed Deposit at 7.1 for less than a year deposit !",
                     "responseLink" : "",
                     "responseLinkText" : "",
                     "responseSuffix" : "",
                     "responseSuffixTexts" : [],
                     "responseSuffixLinks" : [ ],
                     "order" : "ASC",
                     "value" : "7.1"
        },
        "RDRATES" :  {
                     "class" : "RDRATES",
                     "responsePrefix" : "South Indian bank interest rate for Recurring Deposit at 6.9 for less than a year deposit !",
                     "responseLink" : "",
                     "responseLinkText" : "",
                     "responseSuffix" : "",
                     "responseSuffixTexts" : [],
                     "responseSuffixLinks" : [ ],
                     "order" : "ASC",
                     "value" : "6.9"
        },
        "HOMELOAN" :  {
                     "class" : "HOMELOAN",
                     "responsePrefix" : "South Indian bank provides Home loans at 9.8 percent interest rate",
                     "responseLink" : "",
                     "responseLinkText" : "",
                     "responseSuffix" : "",
                     "responseSuffixTexts" : [],
                     "responseSuffixLinks" : [ ],
                     "order" : "DSC",
                     "value" : "9.8"
        }
}