{
    "FDRATES" :  {
                     "class" : "FDRATES",
                     "responsePrefix" : "State Bank provides interest rate for Fixed Deposit at 7.6 for less than a year deposit !",
                     "responseLink" : "",
                     "responseLinkText" : "",
                     "responseSuffix" : "",
                     "responseSuffixTexts" : [],
                     "responseSuffixLinks" : [ ],
                     "order" : "ASC",
                     "value" : "7.6"
        },
        "RDRATES" :  {
                     "class" : "RDRATES",
                     "responsePrefix" : "State Bank providesinterest rate for Recurring Deposit at 7.1 for less than a year deposit !",
                     "responseLink" : "",
                     "responseLinkText" : "",
                     "responseSuffix" : "",
                     "responseSuffixTexts" : [],
                     "responseSuffixLinks" : [ ],
                     "order" : "ASC",
                     "value" : "7.1"
        },
        "HOMELOAN" :  {
                     "class" : "HOMELOAN",
                     "responsePrefix" : "State bank of India provides Home loans at 8.9 percent interest rate",
                     "responseLink" : "",
                     "responseLinkText" : "",
                     "responseSuffix" : "",
                     "responseSuffixTexts" : [],
                     "responseSuffixLinks" : [ ],
                     "order" : "DSC",
                     "value" : "8.9"
        }
}