{
     "FDINFO" : {
                  "class" : "FDINFO",
                  "responsePrefix" : "South indian bank provides attrative options for Fixed deposit.",
                  "responseLink" : "",
                  "responseLinkText" : "",
                  "responseSuffix" : "",
                  "responseSuffixLinks" : [
                                            "Click To know about Fixed Deposit Rates and advantages in South indian bank",
                                            "To know about Fixed Deposit tenures in South indian bank"
                                          ]
        },
        "FDRATES" : {
                  "class" : "FDRATES",
                  "responsePrefix" : "South indian bank provides rates as per tenures starting at 5.50% for deposit more than 7 days . To see more ",
                  "responseLink" : "https://www.southindianbank.com/content/viewContent.aspx?linkIdLvl2=11&linkId=80",
                  "responseLinkText" : "Click to explore Rate ",
                  "responseSuffix" : "",
                  "responseSuffixLinks" : []
        },
        "FDTENURES" : {
                  "class" : "FDTENURES",
                  "responsePrefix" : "South indian bank provides fixed deposit for tenures starting with 7 days . To see more ",
                  "responseLink" : "https://www.southindianbank.com/content/viewContent.aspx?linkIdLvl2=11&linkId=80",
                  "responseLinkText" : "Click to explore Rate ",
                  "responseSuffix" : "",
                  "responseSuffixLinks" : []
        },
        "RDINFO" : {
                  "class" : "RDINFO",
                  "responsePrefix" : "Recurring Deposit is a product to provide a person with an opportunity to build up saving through regular monthly deposits of fixed sum over a period of time.",
                  "responseLink" : "",
                  "responseLinkText" : "",
                  "responseSuffix" : "",
                  "responseSuffixLinks" : [
                                            "Recurring deposit rate in South indian bank",
                                            "Recurring deposit tenure in South indian bank"
                                          ]
        },
        "RDRATES" : {
                  "class" : "RDRATES",
                  "responsePrefix" : "South indian bank provides recurring deposit rates based on tenure . To see more ",
                  "responseLink" : "https://www.southindianbank.com/content/viewContent.aspx?linkIdLvl2=11&linkId=80",
                  "responseLinkText" : "Click to explore Rate ",
                  "responseSuffix" : "",
                  "responseSuffixLinks" : []
        },
        "RDTENURES" : {
                  "class" : "RDTENURES",
                  "responsePrefix" : "South indian bank provides recurring  deposit for tenures starting with 7 days . To see more ",
                  "responseLink" : "https://www.southindianbank.com/content/viewContent.aspx?linkIdLvl2=11&linkId=80",
                  "responseLinkText" : "Click to explore Rate ",
                  "responseSuffix" : "",
                  "responseSuffixLinks" : []
        }
        
}