{
     "FDINFO" : {
                  "class" : "FDINFO",
                  "responsePrefix" : "State Bank of india provides attrative options for Fixed deposit.",
                  "responseLink" : "",
                  "responseLinkText" : "",
                  "responseSuffix" : "",
                  "responseSuffixLinks" : [
                                            "Click To know about Fixed Deposit Rates and advantages in State Bank of india",
                                            "To know about Fixed Deposit tenures in State Bank of india"
                                          ]
        },
        "FDRATES" : {
                  "class" : "FDRATES",
                  "responsePrefix" : "State Bank of india provides rates as per tenures starting at 5.50% for deposit more than 7 days . To see more ",
                  "responseLink" : "https://www.sbi.co.in/portal/web/interest-rates/domestic-term-deposits",
                  "responseLinkText" : "Click to explore Rate ",
                  "responseSuffix" : "",
                  "responseSuffixLinks" : []
        },
        "FDTENURES" : {
                  "class" : "FDTENURES",
                  "responsePrefix" : "State Bank of india provides fixed deposit for tenures starting with 7 days . To see more ",
                  "responseLink" : "https://www.sbi.co.in/portal/web/interest-rates/domestic-term-deposits",
                  "responseLinkText" : "Click to explore Rate ",
                  "responseSuffix" : "",
                  "responseSuffixLinks" : []
        },
        "RDINFO" : {
                  "class" : "RDINFO",
                  "responsePrefix" : "Recurring Deposit is a product to provide a person with an opportunity to build up saving through regular monthly deposits of fixed sum over a period of time.",
                  "responseLink" : "",
                  "responseLinkText" : "",
                  "responseSuffix" : "",
                  "responseSuffixLinks" : [
                                            "Recurring deposit rate in State bank of india",
                                            "Recurring deposit tenure in State bank of india"
                                          ]
        },
        "RDRATES" : {
                  "class" : "FDRATES",
                  "responsePrefix" : "State Bank of india provides recurring deposit rates based on tenure . To see more ",
                  "responseLink" : "https://www.sbi.co.in/portal/web/personal-banking/deposit-schemes",
                  "responseLinkText" : "Click to explore Rate ",
                  "responseSuffix" : "",
                  "responseSuffixLinks" : []
        },
        "RDTENURES" : {
                  "class" : "FDTENURES",
                  "responsePrefix" : "State Bank of india provides recurring  deposit for tenures starting with 7 days . To see more ",
                  "responseLink" : "https://www.sbi.co.in/portal/web/personal-banking/deposit-schemes",
                  "responseLinkText" : "Click to explore Rate ",
                  "responseSuffix" : "",
                  "responseSuffixLinks" : []
        }
        
}