{
     "FDINFO" : {
                  "class" : "FDINFO",
                  "responsePrefix" : "Federal bank provides attrative options for Fixed deposit.",
                  "responseLink" : "",
                  "responseLinkText" : "",
                  "responseSuffix" : "",
                  "responseSuffixLinks" : [
                                            "Click To know about Fixed Deposit Rates and advantages in Federal Bank",
                                            "To know about Fixed Deposit tenures in Federal Bank"
                                          ]
        },
        "FDRATES" : {
                  "class" : "FDRATES",
                  "responsePrefix" : "Federal bank provides rates as per tenures starting at 3.5% for less than 14 days . To see more ",
                  "responseLink" : "http://www.federalbank.co.in/web/guest/deposit-rate",
                  "responseLinkText" : "Click to explore Rate ",
                  "responseSuffix" : "",
                  "responseSuffixLinks" : []
        },
        "FDTNRS" : {
                  "class" : "FDTNRS",
                  "responsePrefix" : "Federal bank provides tenures for fixed deposit as small as7-14 days. To see more ",
                  "responseLink" : "http://www.federalbank.co.in/web/guest/deposit-rate",
                  "responseLinkText" : "Click to explore Tenures ",
                  "responseSuffix" : "",
                  "responseSuffixLinks" : []
        },
        "RDINFO" : {
                  "class" : "RDINFO",
                  "responsePrefix" : "Do you want to know an ideal way to plan for your future needs? Want to fulfill the dreams of your children ? Federal banks offers brilliant recurring deposit schemes to save small amounts of money each month to plan for your future needs or to save towards a goal. You may please select from the list below to proceed:",
                  "responseLink" : "",
                  "responseLinkText" : "",
                  "responseSuffix" : "",
                  "responseSuffixLinks" : [
                                            "Millionaire Federal Bank Savings Fund",
                                            "NRI RD Accounts in Federal bank"
                                          ]
        },
        "NRIRD" : {
                  "class" : "NRIRD",
                  "responsePrefix" : "Following are the associated nri rd accounts. Please select your option from list below to proceed",
                  "responseLink" : "",
                  "responseLinkText" : "",
                  "responseSuffix" : "",
                  "responseSuffixLinks" : [
                                            "Crorepati FSF in Federal Bank",
                                            "Fed Flexi Smart Saver RD in Federal Bank"
                                          ]
        },
        "NRIFFRD" : {
                  "class" : "NRIFFRD",
                  "responsePrefix" : "Fed Flexi Smart Saver RD is a variable recurring deposit scheme for NRI customers that comes to you with a lot of flexible features. It provides you with assured returns to meet your future requirements and is ideal for all segments of NRI customers. Wish to fulfill your dreams with a recurring deposit with NON Fixed installments? Want to earn guaranteed returns as high as that of a fixed deposit? Want free exit whenever you wish, without any penalty? Open Fed Flexi Smart SaverRD, a truly unfixed Recurring Deposit scheme that is flexible, secured and smart.",
                  "responseLink" : "",
                  "responseLinkText" : "",
                  "responseSuffix" : "",
                  "responseSuffixLinks" : ["Fed Flexi Smart Saver RD registration form in federal bank"]
        },
        "NRIRFFRD" : {
                  "class" : "NRIRFFRD",
                  "responsePrefix" : "Registration forms are available at this",
                  "responseLink" : "http://www.federalbank.co.in/forms-and-stationery",
                  "responseLinkText" : "Form link",
                  "responseSuffix" : "",
                  "responseSuffixLinks" : []
        },
        "NRICRD" : {
                  "class" : "NRICRD",
                  "responsePrefix" : "Wealth is a result of careful planning. Crorepati FSF, with its power of growth makes sure that none of your dreams are too big to achieve. Plan your savings well, Be a Crorepati. Here's yet another innovative product - Crorepati FSF for our NRI customers. This unique recurring deposit scheme allows you to save money systematically and makes you a Crorepati on its maturity.",
                  "responseLink" : "",
                  "responseLinkText" : "",
                  "responseSuffix" : "",
                  "responseSuffixLinks" : [
                                            "Registration form to open deposit Crorepati FSF in Federal Bank"
                                          ]
        },
        "NRIFCRD" : {
                  "class" : "NRIFCRD",
                  "responsePrefix" : "Registration forms are available at this",
                  "responseLink" : "http://www.federalbank.co.in/forms-and-stationery",
                  "responseLinkText" : "Form link",
                  "responseSuffix" : "",
                  "responseSuffixLinks" : []
        },
        "RDMINFO" : {
                  "class" : "RDMINFO",
                  "responsePrefix" : "Who doesn't want to be a millionaire ? Everyone does. This savings fund is a unique recurring deposit plan that lets you invest systematically over a period of time and makes you a millionaire on maturity. Any Resident or NRI customer can open the Millionaire FSF (Federal Savings Fund) deposit.",
                  "responseLink" : "",
                  "responseLinkText" : "",
                  "responseSuffix" : "",
                  "responseSuffixLinks" : [
                                            "Registration form to open deposit in Federal bank",
                                            "To know about Fixed Deposit tenures in Federal Bank"
                                          ]
        },
        "RDMRINFO" : {
                  "class" : "RDMRINFO",
                  "responsePrefix" : "Registration forms are available at this",
                  "responseLink" : "http://www.federalbank.co.in/forms-and-stationery",
                  "responseLinkText" : "Link",
                  "responseSuffix" : "",
                  "responseSuffixLinks" : []
        }
        
}