{
     "LOW" : {
                  "class" : "LOW",
                  "responsePrefix" : "Sorry, didnt get that",
                  "responseLink" : "",
                  "responseLinkText" : "",
                  "responseSuffix" : "",
                  "responseSuffixLinks" : [
                                            "Which bank gives best long term deposit rate",
                                            "Which bank gives best recurring deposit rate"
                                          ]
        },
        "TOOLOW" : {
                  "class" : "TOOLOW",
                  "responsePrefix" : "Sorry, didnt get that",
                  "responseLink" : "",
                  "responseLinkText" : "",
                  "responseSuffix" : "",
                  "responseSuffixLinks" : [
                                            "Which bank gives best long term deposit rate",
                                            "Which bank gives best recurring deposit rate"
                                          ]
        }
}